{
	"train": {
		"pred_loss": [
			0.1635718047618866,
			0.09596118330955505,
			0.07750353962182999,
			0.06271446496248245,
			0.05220523476600647,
			0.048420533537864685,
			0.04243943840265274,
			0.042481619864702225,
			0.03826801851391792,
			0.05257447808980942,
			0.028165703639388084,
			0.029913149774074554,
			0.032359134405851364,
			0.02854888141155243,
			0.02597782015800476,
			0.024366870522499084,
			0.02139892429113388,
			0.02190227061510086,
			0.023801594972610474,
			0.01820378191769123
		],
		"recon_loss": [
			9.754844359122217e-05,
			4.45063449205918e-07,
			3.9099197124414786e-07,
			3.2785857229100657e-07,
			3.1598301575286314e-07,
			3.448021459462325e-07,
			1.626510481855803e-07,
			2.2418289802317304e-07,
			3.023359056442132e-07,
			3.5309088275425893e-07,
			2.901057030157972e-07,
			2.727904586663499e-07,
			3.0068741807554034e-07,
			2.828968774792884e-07,
			3.520430311709788e-07,
			3.1230672448145924e-07,
			2.3249410219250422e-07,
			1.428793581226273e-07,
			2.5723812768774224e-07,
			1.517407923756764e-07
		],
		"diff_loss": [
			0.00016217197116930038,
			0.0,
			0.0,
			0.0,
			0.0,
			0.0,
			0.0,
			0.0,
			0.0,
			0.0,
			0.0,
			0.0,
			0.0,
			3.054245567568614e-08,
			0.0,
			0.0,
			0.0,
			0.0,
			0.0,
			0.0
		],
		"loss": [
			0.16383153200149536,
			0.09596162289381027,
			0.07750392705202103,
			0.06271480023860931,
			0.052205558866262436,
			0.048420876264572144,
			0.042439598590135574,
			0.04248184338212013,
			0.038268327713012695,
			0.05257482826709747,
			0.028165994212031364,
			0.029913419857621193,
			0.03235943242907524,
			0.02854919247329235,
			0.025978174060583115,
			0.024367183446884155,
			0.021399157121777534,
			0.021902412176132202,
			0.023801852017641068,
			0.018203934654593468
		],
		"f1": [
			0.9303380250930786,
			0.9447437524795532,
			0.952433168888092,
			0.9576625227928162,
			0.9616255164146423,
			0.9648966193199158,
			0.9673039317131042,
			0.9693923592567444,
			0.9710659980773926,
			0.9718903303146362,
			0.9732754826545715,
			0.974535346031189,
			0.9754942655563354,
			0.9764476418495178,
			0.9773232936859131,
			0.9781732559204102,
			0.9789659380912781,
			0.9796756505966187,
			0.9802557229995728,
			0.9808283448219299
		],
		"acc": [
			0.935465395450592,
			0.9485918879508972,
			0.9557676911354065,
			0.9606443643569946,
			0.9643723368644714,
			0.9674144983291626,
			0.9696556329727173,
			0.9715871214866638,
			0.9731529951095581,
			0.9739283919334412,
			0.9752137064933777,
			0.9763802886009216,
			0.9772719144821167,
			0.9781588912010193,
			0.9789721369743347,
			0.9797613620758057,
			0.9804970026016235,
			0.9811561703681946,
			0.9816957712173462,
			0.9822291135787964
		]
	},
	"val": {
		"pred_loss": [
			0.7437333464622498,
			0.46918371319770813,
			2.011103391647339,
			0.9733261466026306,
			0.6049841046333313,
			0.6710797548294067,
			1.2522660493850708,
			0.5580008029937744,
			0.5984234809875488,
			1.2512049674987793,
			0.7568544149398804,
			2.4343907833099365,
			2.7671327590942383,
			1.3771077394485474,
			1.3873701095581055,
			2.6045780181884766,
			1.7609604597091675,
			2.460951566696167,
			3.2272753715515137,
			2.4065001010894775
		],
		"recon_loss": [
			0.05207767337560654,
			0.00010468152322573587,
			4.56222151115071e-05,
			0.006846827454864979,
			0.00016443527420051396,
			8.352198346983641e-05,
			0.0011393000604584813,
			4.702553997049108e-05,
			0.0002169814397348091,
			0.00020609732018783689,
			0.0001609828759683296,
			0.00023728871019557118,
			0.00020314991706982255,
			0.00029885885305702686,
			0.0042086411267519,
			0.0005816839402541518,
			0.00015052878006827086,
			0.00022042656200937927,
			0.00015520397573709488,
			0.0009941620519384742
		],
		"diff_loss": [
			0.0,
			0.0,
			0.0,
			0.0,
			0.0,
			0.0,
			0.0,
			0.0,
			0.0,
			0.0,
			0.0,
			0.0,
			0.0,
			0.0,
			0.0,
			0.0,
			0.0,
			0.0,
			0.0,
			0.0
		],
		"loss": [
			0.7958109974861145,
			0.4692883789539337,
			2.0111491680145264,
			0.9801729917526245,
			0.6051486134529114,
			0.6711632609367371,
			1.2534055709838867,
			0.5580478310585022,
			0.5986404418945312,
			1.2514110803604126,
			0.7570154666900635,
			2.4346277713775635,
			2.767335891723633,
			1.3774067163467407,
			1.3915787935256958,
			2.6051599979400635,
			1.7611111402511597,
			2.461171865463257,
			3.227430582046509,
			2.407494068145752
		],
		"f1": [
			0.07412490993738174,
			0.6025435328483582,
			0.48007890582084656,
			0.45020216703414917,
			0.5209868550300598,
			0.5808271765708923,
			0.5551870465278625,
			0.5954294800758362,
			0.6278000473976135,
			0.6036115884780884,
			0.6007874608039856,
			0.5809423923492432,
			0.5580116510391235,
			0.5486469268798828,
			0.5452795624732971,
			0.5324642062187195,
			0.5244437456130981,
			0.5172215104103088,
			0.5050547122955322,
			0.49830713868141174
		],
		"acc": [
			0.3010362684726715,
			0.5101422667503357,
			0.44109854102134705,
			0.4038257300853729,
			0.44299551844596863,
			0.4788632392883301,
			0.45840317010879517,
			0.48632603883743286,
			0.5101435780525208,
			0.4970625936985016,
			0.5026226043701172,
			0.4916948676109314,
			0.47796234488487244,
			0.475828617811203,
			0.46948742866516113,
			0.45464572310447693,
			0.4439375698566437,
			0.4412367641925812,
			0.43140098452568054,
			0.4292210638523102
		]
	},
	"test": {
		"pred_loss": [
			0.20304806530475616
		],
		"recon_loss": [
			5.230455280980095e-05
		],
		"diff_loss": [
			0.0
		],
		"loss": [
			0.20310035347938538
		],
		"f1": [
			0.979385495185852
		],
		"acc": [
			0.9692485928535461
		],
		"AU17_f1": [
			0.979385495185852
		],
		"AU17_acc": [
			0.9692485928535461
		]
	}
}