{
	"train": {
		"pred_loss": [
			0.28303709626197815,
			0.1922842413187027,
			0.152906134724617,
			0.13150660693645477,
			0.1084093302488327,
			0.10322634130716324,
			0.09421753883361816,
			0.08329702913761139,
			0.08383658528327942,
			0.07594197243452072,
			0.07157190889120102,
			0.0707179605960846,
			0.07238668948411942,
			0.05826319754123688,
			0.06206837669014931,
			0.05565006658434868,
			0.04871418699622154,
			0.05431008338928223,
			0.051046304404735565,
			0.04766557365655899
		],
		"recon_loss": [
			8.276216976810247e-05,
			5.280250547912146e-07,
			4.1695943764352705e-07,
			4.4871157456327637e-07,
			2.2205682626008638e-07,
			2.114789054985522e-07,
			2.7086846898782824e-07,
			4.0464041717314103e-07,
			1.9753979074721428e-07,
			4.334552556883864e-07,
			2.0208197781812487e-07,
			2.3794059700321668e-07,
			3.6415400472833426e-07,
			3.0366729220077104e-07,
			2.501332403426204e-07,
			2.1151571161226457e-07,
			2.3159194029176433e-07,
			2.926788624790788e-07,
			1.64097855304135e-07,
			1.5509307615957368e-07
		],
		"diff_loss": [
			0.00018170216935686767,
			0.0,
			0.0,
			0.0,
			0.0,
			0.0,
			0.0,
			0.0,
			0.0,
			0.0,
			0.0,
			0.0,
			0.0,
			0.0,
			0.0,
			0.0,
			0.0,
			0.0,
			0.0,
			0.0
		],
		"loss": [
			0.28330156207084656,
			0.19228477776050568,
			0.15290653705596924,
			0.13150706887245178,
			0.10840955376625061,
			0.10322655737400055,
			0.09421780705451965,
			0.08329742401838303,
			0.08383678644895554,
			0.07594241201877594,
			0.07157210260629654,
			0.0707181990146637,
			0.07238705456256866,
			0.058263495564460754,
			0.0620686337351799,
			0.05565027520060539,
			0.048714421689510345,
			0.05431037396192551,
			0.0510464645922184,
			0.04766572639346123
		],
		"f1": [
			0.859744131565094,
			0.8875141739845276,
			0.9036200046539307,
			0.9128650426864624,
			0.920127809047699,
			0.926048219203949,
			0.9310629367828369,
			0.9350284337997437,
			0.9380705952644348,
			0.9409197568893433,
			0.94349604845047,
			0.945854902267456,
			0.9478236436843872,
			0.9498133659362793,
			0.9513320922851562,
			0.9528617262840271,
			0.9543969035148621,
			0.9556491374969482,
			0.9568780660629272,
			0.9579660296440125
		],
		"acc": [
			0.876467764377594,
			0.9001909494400024,
			0.9141765832901001,
			0.9224582314491272,
			0.9288783073425293,
			0.9340811371803284,
			0.938493013381958,
			0.9420047998428345,
			0.944736123085022,
			0.9472744464874268,
			0.9495595693588257,
			0.9516468048095703,
			0.9533982276916504,
			0.9551653861999512,
			0.9565187096595764,
			0.9578759074211121,
			0.9592418670654297,
			0.9603606462478638,
			0.961452066898346,
			0.9624200463294983
		]
	},
	"val": {
		"pred_loss": [
			1.0409480333328247,
			1.2447247505187988,
			1.2563365697860718,
			1.5406900644302368,
			3.010218858718872,
			1.3056702613830566,
			1.3590264320373535,
			2.3315372467041016,
			1.455309271812439,
			2.7928168773651123,
			2.0787811279296875,
			2.664660930633545,
			2.3638501167297363,
			2.038039207458496,
			2.5167973041534424,
			3.319812297821045,
			1.759416937828064,
			3.287118911743164,
			3.685054063796997,
			4.205609321594238
		],
		"recon_loss": [
			0.00019302606233395636,
			0.0024837409146130085,
			0.000572402321267873,
			2.8411093808244914e-05,
			5.6948971177916974e-05,
			0.00018068947247229517,
			0.00016768876230344176,
			7.169543096097186e-05,
			0.00013575563207268715,
			0.00015404938312713057,
			0.00016042038623709232,
			0.0002167105849366635,
			0.000233080965699628,
			0.0016733254306018353,
			0.0002007124712690711,
			0.00016696091915946454,
			0.00018669062410481274,
			0.00016789014625828713,
			0.000279296567896381,
			0.0001690633944235742
		],
		"diff_loss": [
			0.0,
			0.0,
			0.0,
			0.0,
			0.0,
			0.0,
			0.0,
			0.0,
			0.0,
			0.0,
			0.0,
			0.0,
			0.0,
			0.0,
			0.0,
			0.0,
			0.0,
			0.0,
			0.0,
			0.0
		],
		"loss": [
			1.0411410331726074,
			1.247208595275879,
			1.256908893585205,
			1.540718674659729,
			3.0102758407592773,
			1.305850863456726,
			1.3591939210891724,
			2.331608533859253,
			1.4554451704025269,
			2.792970895767212,
			2.0789413452148438,
			2.6648778915405273,
			2.3640830516815186,
			2.039712429046631,
			2.516997814178467,
			3.319979190826416,
			1.7596036195755005,
			3.2872867584228516,
			3.685333251953125,
			4.2057785987854
		],
		"f1": [
			0.5433276295661926,
			0.4877742826938629,
			0.43837353587150574,
			0.3626810610294342,
			0.30932721495628357,
			0.31018292903900146,
			0.296023428440094,
			0.2719539701938629,
			0.2757358253002167,
			0.25411778688430786,
			0.26994389295578003,
			0.252903014421463,
			0.2559466063976288,
			0.2735079228878021,
			0.27836740016937256,
			0.26518896222114563,
			0.2834952771663666,
			0.29377761483192444,
			0.2954641878604889,
			0.284422904253006
		],
		"acc": [
			0.4538860023021698,
			0.46193361282348633,
			0.45354998111724854,
			0.4360387921333313,
			0.4257504642009735,
			0.43237122893333435,
			0.43219563364982605,
			0.42626067996025085,
			0.4249021112918854,
			0.42077013850212097,
			0.418649822473526,
			0.4155236780643463,
			0.41803717613220215,
			0.4168894290924072,
			0.41830042004585266,
			0.4160929024219513,
			0.41661423444747925,
			0.415517657995224,
			0.4172672927379608,
			0.4155788719654083
		]
	},
	"test": {
		"pred_loss": [
			0.9750521183013916
		],
		"recon_loss": [
			4.1720613808138296e-05
		],
		"diff_loss": [
			0.0
		],
		"loss": [
			0.9750938415527344
		],
		"f1": [
			0.635988175868988
		],
		"acc": [
			0.6420075297355652
		],
		"AU14_f1": [
			0.635988175868988
		],
		"AU14_acc": [
			0.6420075297355652
		]
	}
}