{
	"train": {
		"pred_loss": [
			0.27298039197921753,
			0.17252226173877716,
			0.1350717395544052,
			0.11374802142381668,
			0.09163962304592133,
			0.09102553874254227,
			0.08368988335132599,
			0.07505425065755844,
			0.06349418312311172,
			0.06302126497030258,
			0.06306426972150803,
			0.049647439271211624,
			0.05281981825828552,
			0.05093344300985336,
			0.051241446286439896,
			0.045927345752716064,
			0.04906609654426575,
			0.03794261813163757,
			0.047846514731645584,
			0.038867030292749405
		],
		"recon_loss": [
			4.389382229419425e-05,
			3.863164295125898e-07,
			5.555941129387065e-07,
			4.262524271325674e-07,
			4.0006727886066074e-07,
			2.2790905518377258e-07,
			3.728187891738344e-07,
			3.3796337106650753e-07,
			3.381373971933499e-07,
			3.427420551815885e-07,
			3.558982371032471e-07,
			2.937614453912829e-07,
			2.2669736665648088e-07,
			2.3036746199522895e-07,
			2.4639666662551463e-07,
			1.9794553907104273e-07,
			1.7046737355030928e-07,
			2.3524260939211672e-07,
			2.3057413045535213e-07,
			2.956780633667222e-07
		],
		"diff_loss": [
			7.447318057529628e-05,
			0.0,
			0.0,
			0.0,
			0.0,
			0.0,
			0.0,
			0.0,
			0.0,
			0.0,
			0.0,
			0.0,
			0.0,
			0.0,
			0.0,
			0.0,
			0.0,
			0.0,
			0.0,
			0.0
		],
		"loss": [
			0.27309876680374146,
			0.1725226491689682,
			0.13507229089736938,
			0.1137484535574913,
			0.09164003282785416,
			0.09102576225996017,
			0.08369025588035583,
			0.0750545859336853,
			0.06349451839923859,
			0.06302161514759064,
			0.06306461989879608,
			0.0496477335691452,
			0.05282004550099373,
			0.050933677703142166,
			0.051241692155599594,
			0.04592754319310188,
			0.04906626418232918,
			0.037942852824926376,
			0.04784674197435379,
			0.03886732831597328
		],
		"f1": [
			0.8435201644897461,
			0.8780889511108398,
			0.8976185321807861,
			0.9096013903617859,
			0.9185864925384521,
			0.9243326783180237,
			0.9295753836631775,
			0.9339428544044495,
			0.9376142024993896,
			0.9407321810722351,
			0.9432392716407776,
			0.9458860754966736,
			0.9480481743812561,
			0.9499843120574951,
			0.9516632556915283,
			0.9533372521400452,
			0.954740047454834,
			0.9562246203422546,
			0.9572448134422302,
			0.958479106426239
		],
		"acc": [
			0.8821957111358643,
			0.9081622958183289,
			0.9227048754692078,
			0.9316229224205017,
			0.9383293390274048,
			0.9426252841949463,
			0.946566641330719,
			0.9498209953308105,
			0.9525749087333679,
			0.954902172088623,
			0.9567888975143433,
			0.9587907791137695,
			0.9604185819625854,
			0.9618752002716064,
			0.9631376266479492,
			0.9643973708152771,
			0.9654527306556702,
			0.9665712118148804,
			0.9673458337783813,
			0.968276858329773
		]
	},
	"val": {
		"pred_loss": [
			0.5707533359527588,
			0.5465281009674072,
			0.5340913534164429,
			0.5797778964042664,
			0.6442146301269531,
			0.6589738130569458,
			0.5825386047363281,
			0.6224036812782288,
			0.6779386401176453,
			0.6590932011604309,
			0.6617262959480286,
			0.7494982481002808,
			0.6570321321487427,
			0.7566539645195007,
			0.9126883745193481,
			0.777306854724884,
			0.7180578708648682,
			0.7560648918151855,
			1.1644458770751953,
			0.9150339365005493
		],
		"recon_loss": [
			0.0009795030346140265,
			0.012832884676754475,
			0.001503649982623756,
			0.004669487942010164,
			9.084553312277421e-05,
			0.008916355669498444,
			0.005642094649374485,
			0.0003195101162418723,
			0.008694122545421124,
			0.0012879213318228722,
			0.0026534078642725945,
			0.003561811987310648,
			0.0006522514158859849,
			0.002264537150040269,
			0.00049435073742643,
			0.00029279495356604457,
			0.00028171984013170004,
			0.00023934600176289678,
			0.0030949737410992384,
			0.0014411084121093154
		],
		"diff_loss": [
			0.0,
			0.0,
			0.0,
			0.0,
			0.0,
			0.0,
			0.0,
			0.0,
			0.0,
			0.0,
			0.0,
			0.0,
			0.0,
			0.0,
			0.0,
			0.0,
			0.0,
			0.0,
			0.0,
			0.0
		],
		"loss": [
			0.5717328786849976,
			0.5593609809875488,
			0.5355949997901917,
			0.5844473838806152,
			0.6443054676055908,
			0.667890191078186,
			0.588180661201477,
			0.6227231621742249,
			0.6866326928138733,
			0.6603811979293823,
			0.6643797159194946,
			0.753059983253479,
			0.6576843857765198,
			0.7589184641838074,
			0.9131826162338257,
			0.777599573135376,
			0.7183396220207214,
			0.7563042044639587,
			1.1675409078598022,
			0.9164750576019287
		],
		"f1": [
			0.05289492756128311,
			0.2087946981191635,
			0.4349471926689148,
			0.36414048075675964,
			0.3131600022315979,
			0.3750433921813965,
			0.43321990966796875,
			0.4756077229976654,
			0.4987388253211975,
			0.5180040597915649,
			0.5274292826652527,
			0.5347561240196228,
			0.5471805930137634,
			0.551618754863739,
			0.5543631911277771,
			0.5577444434165955,
			0.5482798218727112,
			0.5441240668296814,
			0.531179666519165,
			0.5374091267585754
		],
		"acc": [
			0.6567357778549194,
			0.6705743074417114,
			0.6835923790931702,
			0.6801275014877319,
			0.6780391931533813,
			0.6801953911781311,
			0.6828432083129883,
			0.6855989694595337,
			0.6875963807106018,
			0.6886616349220276,
			0.6908208131790161,
			0.6903277635574341,
			0.6911232471466064,
			0.6919390559196472,
			0.6913630962371826,
			0.6919953227043152,
			0.6899735927581787,
			0.6899144053459167,
			0.6890590786933899,
			0.6893189549446106
		]
	},
	"test": {
		"pred_loss": [
			1.8660860061645508
		],
		"recon_loss": [
			1.6006017176550813e-05
		],
		"diff_loss": [
			0.0
		],
		"loss": [
			1.8661020994186401
		],
		"f1": [
			0.0694645419716835
		],
		"acc": [
			0.8134610056877136
		],
		"AU17_f1": [
			0.0694645419716835
		],
		"AU17_acc": [
			0.8134610056877136
		]
	}
}