{
	"train": {
		"pred_loss": [
			0.20653080940246582,
			0.1221046894788742,
			0.1035357192158699,
			0.0869937315583229,
			0.07479807734489441,
			0.06771062314510345,
			0.05907226726412773,
			0.060221485793590546,
			0.053335029631853104,
			0.0463707260787487,
			0.04418805241584778,
			0.04677388072013855,
			0.042172640562057495,
			0.038676243275403976,
			0.03699370101094246,
			0.04094232618808746,
			0.036994945257902145,
			0.036412302404642105,
			0.03307927027344704,
			0.03415149450302124
		],
		"recon_loss": [
			3.486677451292053e-05,
			8.490900427204906e-07,
			7.710964951002097e-07,
			4.3629626134134014e-07,
			7.82172094204725e-07,
			3.529553112002759e-07,
			3.290038250725047e-07,
			7.232029020087793e-07,
			5.177025741431862e-07,
			3.0059882760724577e-07,
			3.403116295430664e-07,
			5.233029014561907e-07,
			3.575242430997605e-07,
			4.067138661412173e-07,
			2.4894018224586034e-07,
			3.2111134373735695e-07,
			3.2332823707292846e-07,
			3.7870668734285573e-07,
			2.75082868483878e-07,
			2.8278046215746144e-07
		],
		"diff_loss": [
			0.00014605782052967697,
			0.0,
			0.0,
			0.0,
			0.0,
			0.0,
			0.0,
			0.0,
			0.0,
			0.0,
			0.0,
			0.0,
			0.0,
			0.0,
			0.0,
			0.0,
			0.0,
			0.0,
			0.0,
			0.0
		],
		"loss": [
			0.20671173930168152,
			0.12210553139448166,
			0.10353648662567139,
			0.08699415624141693,
			0.07479885965585709,
			0.0677109807729721,
			0.0590725913643837,
			0.06022220477461815,
			0.05333555117249489,
			0.04637103155255318,
			0.04418839141726494,
			0.04677440598607063,
			0.04217299818992615,
			0.03867665305733681,
			0.03699394688010216,
			0.04094264656305313,
			0.03699526935815811,
			0.03641268238425255,
			0.03307954594492912,
			0.034151773899793625
		],
		"f1": [
			0.8277655243873596,
			0.8673650622367859,
			0.8855012059211731,
			0.899068295955658,
			0.9083767533302307,
			0.9154797792434692,
			0.9213619828224182,
			0.9254292249679565,
			0.9293879270553589,
			0.9329929351806641,
			0.9361479878425598,
			0.93879634141922,
			0.9412197470664978,
			0.9433668851852417,
			0.945275604724884,
			0.9469157457351685,
			0.9485541582107544,
			0.9499148726463318,
			0.9512355923652649,
			0.9523945450782776
		],
		"acc": [
			0.9178043007850647,
			0.9359427094459534,
			0.9443118572235107,
			0.9506205320358276,
			0.9550167322158813,
			0.9583611488342285,
			0.9611319303512573,
			0.9630429744720459,
			0.964942991733551,
			0.9666730165481567,
			0.9681839942932129,
			0.969459056854248,
			0.9706407189369202,
			0.9716876745223999,
			0.9726205468177795,
			0.9734128713607788,
			0.974224328994751,
			0.9748873114585876,
			0.9755306839942932,
			0.9761050343513489
		]
	},
	"val": {
		"pred_loss": [
			3.2621824741363525,
			2.105928421020508,
			2.745248317718506,
			2.0349996089935303,
			3.0444626808166504,
			1.683982253074646,
			1.2120468616485596,
			1.6677275896072388,
			1.3081378936767578,
			2.633392810821533,
			2.8461477756500244,
			2.375556230545044,
			2.083566904067993,
			2.084773540496826,
			1.2578620910644531,
			1.7545970678329468,
			1.8456343412399292,
			1.8848278522491455,
			1.4661084413528442,
			1.39590322971344
		],
		"recon_loss": [
			0.00037126339157111943,
			0.00010844758799066767,
			0.00038035493344068527,
			0.0010406036162748933,
			0.00019098895427305251,
			0.00024020056298468262,
			0.0003562044585123658,
			0.0006083764601498842,
			0.00024276738986372948,
			0.00041805999353528023,
			0.0002987624320667237,
			0.0003322817792650312,
			0.0003982560010626912,
			0.00039543231832794845,
			0.0006141008925624192,
			0.0003443993045948446,
			0.00042160062002949417,
			0.0003742604749277234,
			0.000406053353799507,
			0.000660425575915724
		],
		"diff_loss": [
			0.0,
			0.0,
			0.0,
			0.0,
			0.0,
			0.0,
			0.0,
			0.0,
			0.0,
			0.0,
			0.0,
			0.0,
			0.0,
			0.0,
			0.0,
			0.0,
			0.0,
			0.0,
			0.0,
			0.0
		],
		"loss": [
			3.2625534534454346,
			2.106036901473999,
			2.745628595352173,
			2.0360400676727295,
			3.0446536540985107,
			1.6842223405838013,
			1.2124031782150269,
			1.668336033821106,
			1.3083806037902832,
			2.6338109970092773,
			2.8464467525482178,
			2.3758885860443115,
			2.0839650630950928,
			2.0851693153381348,
			1.2584762573242188,
			1.754941463470459,
			1.8460559844970703,
			1.885202169418335,
			1.4665145874023438,
			1.3965636491775513
		],
		"f1": [
			0.21478116512298584,
			0.21478116512298584,
			0.21478116512298584,
			0.21480682492256165,
			0.21480169892311096,
			0.21483846008777618,
			0.21337226033210754,
			0.21349677443504333,
			0.21364137530326843,
			0.2137567102909088,
			0.21385085582733154,
			0.2138025462627411,
			0.21387851238250732,
			0.21394354104995728,
			0.2137656956911087,
			0.2141634076833725,
			0.2144285887479782,
			0.21445058286190033,
			0.2146853506565094,
			0.21519778668880463
		],
		"acc": [
			0.149481862783432,
			0.1351422518491745,
			0.130254328250885,
			0.1279224157333374,
			0.12641046941280365,
			0.1259324997663498,
			0.13774189352989197,
			0.1355389505624771,
			0.13385336101055145,
			0.13250373303890228,
			0.1313987374305725,
			0.13047738373279572,
			0.12969739735126495,
			0.1290285587310791,
			0.13575604557991028,
			0.1410427838563919,
			0.14133581519126892,
			0.140288844704628,
			0.1424066722393036,
			0.14427295327186584
		]
	},
	"test": {
		"pred_loss": [
			1.191263198852539
		],
		"recon_loss": [
			0.0003381462302058935
		],
		"diff_loss": [
			0.0
		],
		"loss": [
			1.1916011571884155
		],
		"f1": [
			0.6498016119003296
		],
		"acc": [
			0.5903684496879578
		],
		"AU6_f1": [
			0.6498016119003296
		],
		"AU6_acc": [
			0.5903684496879578
		]
	}
}