{
	"train": {
		"pred_loss": [
			0.23605802655220032,
			0.15993404388427734,
			0.12638594210147858,
			0.10966511070728302,
			0.09790253639221191,
			0.09922786056995392,
			0.08173223584890366,
			0.08685986697673798,
			0.07916202396154404,
			0.06411446630954742,
			0.06382570415735245,
			0.058699365705251694,
			0.05793216824531555,
			0.05574299767613411,
			0.053405556827783585,
			0.047820474952459335,
			0.04040684551000595,
			0.042367588728666306,
			0.04287610948085785,
			0.0444069541990757
		],
		"recon_loss": [
			2.861026041500736e-05,
			4.821483230443846e-07,
			6.44903252577933e-07,
			6.609976708205068e-07,
			4.647190223749931e-07,
			4.504258299675712e-07,
			7.204932330751035e-07,
			9.747813010108075e-07,
			4.0619249830342596e-07,
			5.262612035039638e-07,
			4.6657083885293105e-07,
			4.1395310290681664e-07,
			3.931442051907652e-07,
			3.8208088426472386e-07,
			3.814743081420602e-07,
			3.4061665132867347e-07,
			3.2174392572414945e-07,
			3.841890645617241e-07,
			2.964759175938525e-07,
			3.7495215110538993e-07
		],
		"diff_loss": [
			8.337694453075528e-05,
			0.0,
			0.0,
			0.0,
			0.0,
			0.0,
			0.0,
			0.0,
			0.0,
			0.0,
			0.0,
			0.0,
			0.0,
			0.0,
			0.0,
			0.0,
			0.0,
			0.0,
			0.0,
			0.0
		],
		"loss": [
			0.23617000877857208,
			0.15993452072143555,
			0.1263865977525711,
			0.10966578125953674,
			0.09790299087762833,
			0.09922831505537033,
			0.08173295855522156,
			0.08686084300279617,
			0.07916242629289627,
			0.0641149953007698,
			0.06382616609334946,
			0.05869977921247482,
			0.05793256685137749,
			0.05574337765574455,
			0.05340593680739403,
			0.047820813953876495,
			0.04040716215968132,
			0.04236797243356705,
			0.04287640005350113,
			0.044407330453395844
		],
		"f1": [
			0.8545124530792236,
			0.8816831111907959,
			0.8979365825653076,
			0.9076135158538818,
			0.9151867628097534,
			0.919692873954773,
			0.9241289496421814,
			0.9279230833053589,
			0.9310853481292725,
			0.93427574634552,
			0.9371722340583801,
			0.9395726323127747,
			0.9418826699256897,
			0.9438226819038391,
			0.945590078830719,
			0.9472641944885254,
			0.9490512013435364,
			0.9506882429122925,
			0.9521084427833557,
			0.9533646702766418
		],
		"acc": [
			0.9004296064376831,
			0.918663501739502,
			0.9296420216560364,
			0.9362291097640991,
			0.9414606094360352,
			0.9445823431015015,
			0.947644054889679,
			0.9502506256103516,
			0.9523946046829224,
			0.9545489549636841,
			0.9565371870994568,
			0.9581782221794128,
			0.9597576856613159,
			0.9610841870307922,
			0.9622848033905029,
			0.9634427428245544,
			0.9646722078323364,
			0.9658021926879883,
			0.9667830467224121,
			0.9676515460014343
		]
	},
	"val": {
		"pred_loss": [
			5.058551788330078,
			3.9363248348236084,
			2.9686787128448486,
			7.359950542449951,
			5.691783905029297,
			5.532870769500732,
			4.4183831214904785,
			4.464129447937012,
			5.1271071434021,
			2.801798105239868,
			6.615235328674316,
			3.937739133834839,
			0.9123530983924866,
			3.853627920150757,
			2.662184238433838,
			3.011923313140869,
			5.149167060852051,
			9.188467025756836,
			3.4009435176849365,
			12.269983291625977
		],
		"recon_loss": [
			0.0011400205548852682,
			0.00031913950806483626,
			0.0004916558973491192,
			0.00039524122257716954,
			0.00034294763463549316,
			0.00025236353394575417,
			0.0006044008187018335,
			0.00028248626040294766,
			0.0002967915788758546,
			0.0003481941530480981,
			0.0004428835236467421,
			0.0003558495081961155,
			0.006058374885469675,
			0.0004150153254158795,
			0.000939836201723665,
			0.00035781459882855415,
			0.0003568986139725894,
			0.00040333447395823896,
			0.0003857851552311331,
			0.0006035577389411628
		],
		"diff_loss": [
			0.0,
			0.0,
			0.0,
			0.0,
			0.0,
			0.0,
			0.0,
			0.0,
			0.0,
			0.0,
			0.0,
			0.0,
			0.0,
			0.0,
			0.0,
			0.0,
			0.0,
			0.0,
			0.0,
			0.0
		],
		"loss": [
			5.059691905975342,
			3.9366443157196045,
			2.969170570373535,
			7.360345840454102,
			5.692127227783203,
			5.53312349319458,
			4.41898775100708,
			4.464412689208984,
			5.127403736114502,
			2.8021464347839355,
			6.615677833557129,
			3.9380950927734375,
			0.9184114933013916,
			3.8540425300598145,
			2.663123846054077,
			3.0122814178466797,
			5.149523735046387,
			9.188871383666992,
			3.401329517364502,
			12.270586013793945
		],
		"f1": [
			0.0,
			0.0,
			0.0,
			0.0,
			0.0,
			0.0,
			0.0,
			0.0,
			0.0,
			8.12710786703974e-05,
			7.391802500933409e-05,
			6.778512761229649e-05,
			0.0336439423263073,
			0.03128843382000923,
			0.029346520081162453,
			0.027544338256120682,
			0.02595069818198681,
			0.024531379342079163,
			0.02325926162302494,
			0.02211257629096508
		],
		"acc": [
			0.33264249563217163,
			0.3382507860660553,
			0.3401624858379364,
			0.3411264717578888,
			0.3417074680328369,
			0.34209591150283813,
			0.34237390756607056,
			0.34258270263671875,
			0.34274527430534363,
			0.34290215373039246,
			0.34300631284713745,
			0.3430931568145752,
			0.3540210425853729,
			0.3533106744289398,
			0.3527304530143738,
			0.35218918323516846,
			0.3517114520072937,
			0.35128670930862427,
			0.3509065806865692,
			0.3505644202232361
		]
	},
	"test": {
		"pred_loss": [
			1.437516450881958
		],
		"recon_loss": [
			3.2587290661467705e-06
		],
		"diff_loss": [
			0.0
		],
		"loss": [
			1.4375195503234863
		],
		"f1": [
			0.8236877918243408
		],
		"acc": [
			0.7339715957641602
		],
		"AU6_f1": [
			0.8236877918243408
		],
		"AU6_acc": [
			0.7339715957641602
		]
	}
}