{
	"train": {
		"pred_loss": [
			0.31440380215644836,
			0.19277967512607574,
			0.14729538559913635,
			0.12020079791545868,
			0.10176747292280197,
			0.09068841487169266,
			0.07938681542873383,
			0.07239975780248642,
			0.06563467532396317,
			0.06280148774385452,
			0.05610502511262894,
			0.0508919283747673,
			0.048648685216903687,
			0.04507748410105705,
			0.04476020485162735,
			0.04014599323272705,
			0.038946859538555145,
			0.03780698403716087,
			0.03708271682262421,
			0.03703296557068825
		],
		"recon_loss": [
			8.369331044377759e-05,
			1.1889965207956266e-06,
			9.182793405670964e-07,
			8.323207225657825e-07,
			5.425350195764622e-07,
			7.005306201790518e-07,
			7.46619207347976e-07,
			6.505018177449529e-07,
			8.758555054555472e-07,
			9.367003031002241e-07,
			6.828420282545267e-07,
			1.283760866499506e-06,
			9.398245310876518e-07,
			3.4051146258207154e-07,
			4.4007978772242495e-07,
			6.285374070102989e-07,
			4.474203478821437e-07,
			4.4386629838299996e-07,
			2.1759295520951127e-07,
			2.9876866847189376e-07
		],
		"diff_loss": [
			0.0002337951009394601,
			0.0,
			0.0,
			0.0,
			0.0,
			0.0,
			0.0,
			0.0,
			6.102626315396265e-08,
			0.0,
			0.0,
			0.0,
			0.0,
			0.0,
			0.0,
			0.0,
			0.0,
			0.0,
			0.0,
			0.0
		],
		"loss": [
			0.3147212862968445,
			0.19278085231781006,
			0.14729632437229156,
			0.12020163238048553,
			0.10176800936460495,
			0.09068911522626877,
			0.07938755303621292,
			0.07240040600299835,
			0.06563560664653778,
			0.06280242651700974,
			0.056105706840753555,
			0.05089321732521057,
			0.0486496239900589,
			0.04507782310247421,
			0.04476064816117287,
			0.04014662280678749,
			0.03894730657339096,
			0.03780742362141609,
			0.03708293288946152,
			0.03703326731920242
		],
		"f1": [
			0.7529798150062561,
			0.8114863634109497,
			0.8420689702033997,
			0.8623056411743164,
			0.8770163655281067,
			0.8879769444465637,
			0.8969671130180359,
			0.9042474627494812,
			0.9104297757148743,
			0.9154109954833984,
			0.9199386239051819,
			0.9239980578422546,
			0.9275384545326233,
			0.9307591915130615,
			0.9336032271385193,
			0.9362367391586304,
			0.9385785460472107,
			0.9407737851142883,
			0.9427022933959961,
			0.9444506168365479
		],
		"acc": [
			0.8610103130340576,
			0.8913444876670837,
			0.9077830910682678,
			0.9189339876174927,
			0.9271805882453918,
			0.9334049224853516,
			0.9385464191436768,
			0.9427446126937866,
			0.9463369846343994,
			0.949237048625946,
			0.9518876075744629,
			0.9542720913887024,
			0.9563582539558411,
			0.9582577347755432,
			0.9599395394325256,
			0.9615001082420349,
			0.9628892540931702,
			0.9641942977905273,
			0.9653410315513611,
			0.9663826823234558
		]
	},
	"val": {
		"pred_loss": [
			0.9255341291427612,
			0.7804499268531799,
			0.8841418027877808,
			0.7631872296333313,
			1.2542613744735718,
			1.177734375,
			1.5314972400665283,
			1.321629524230957,
			1.3595479726791382,
			1.1723028421401978,
			1.5518311262130737,
			1.6652017831802368,
			1.4896838665008545,
			1.5518971681594849,
			1.434258222579956,
			1.6530163288116455,
			1.6148533821105957,
			1.4633795022964478,
			1.6185709238052368,
			1.300171136856079
		],
		"recon_loss": [
			3.2620500860502943e-05,
			6.083106927690096e-05,
			6.516181019833311e-05,
			3.16524674417451e-05,
			3.93983609683346e-05,
			0.0002478783135302365,
			4.802763942279853e-05,
			2.8082411517971195e-05,
			2.7889891498489305e-05,
			3.7049561797175556e-05,
			0.0004636378143914044,
			3.6274570902605774e-06,
			8.34649836178869e-06,
			7.888294021540787e-06,
			2.452226726745721e-05,
			4.550529774860479e-05,
			9.783390851225704e-05,
			6.063101682229899e-05,
			7.575502968393266e-05,
			0.00010218759416602552
		],
		"diff_loss": [
			0.0,
			0.0,
			0.0,
			0.0,
			0.0,
			0.0,
			0.0,
			0.0,
			0.0,
			0.0,
			0.0,
			0.0,
			0.0,
			0.0,
			0.0,
			0.0,
			0.0,
			0.0,
			0.0,
			0.0
		],
		"loss": [
			0.9255667328834534,
			0.7805107235908508,
			0.8842069506645203,
			0.7632189393043518,
			1.2543007135391235,
			1.1779823303222656,
			1.5315452814102173,
			1.3216575384140015,
			1.359575867652893,
			1.172339916229248,
			1.5522946119308472,
			1.6652053594589233,
			1.489692211151123,
			1.5519050359725952,
			1.4342827796936035,
			1.653061866760254,
			1.6149511337280273,
			1.4634402990341187,
			1.6186467409133911,
			1.3002732992172241
		],
		"f1": [
			0.45817363262176514,
			0.4717456102371216,
			0.4697023034095764,
			0.4823530912399292,
			0.4807625114917755,
			0.4906364977359772,
			0.4874339997768402,
			0.47874394059181213,
			0.4663505256175995,
			0.46899914741516113,
			0.472979873418808,
			0.47464796900749207,
			0.4771321713924408,
			0.4768344461917877,
			0.4747753441333771,
			0.4718068540096283,
			0.4728330969810486,
			0.4737536907196045,
			0.4673551321029663,
			0.46846476197242737
		],
		"acc": [
			0.4993955194950104,
			0.5874056220054626,
			0.6004503965377808,
			0.6150482892990112,
			0.6107400059700012,
			0.6101872324943542,
			0.5993828773498535,
			0.5934553742408752,
			0.5928145051002502,
			0.5939080119132996,
			0.5930002331733704,
			0.5905678272247314,
			0.5905336141586304,
			0.5896912217140198,
			0.5887707471847534,
			0.588140606880188,
			0.5901510715484619,
			0.5899191498756409,
			0.5923170447349548,
			0.5952044725418091
		]
	},
	"test": {
		"pred_loss": [
			1.3339978456497192
		],
		"recon_loss": [
			0.00024781853426247835
		],
		"diff_loss": [
			0.0
		],
		"loss": [
			1.3342455625534058
		],
		"f1": [
			0.6213926076889038
		],
		"acc": [
			0.7018663287162781
		],
		"AU1_f1": [
			0.5148845314979553
		],
		"AU1_acc": [
			0.4090513586997986
		],
		"AU2_f1": [
			0.48278945684432983
		],
		"AU2_acc": [
			0.32869160175323486
		],
		"AU4_f1": [
			0.026378897950053215
		],
		"AU4_acc": [
			0.7644328474998474
		],
		"AU6_f1": [
			0.45671436190605164
		],
		"AU6_acc": [
			0.5375689268112183
		],
		"AU7_f1": [
			0.190874844789505
		],
		"AU7_acc": [
			0.439222514629364
		],
		"AU10_f1": [
			0.9406278133392334
		],
		"AU10_acc": [
			0.9039744734764099
		],
		"AU12_f1": [
			0.9512291550636292
		],
		"AU12_acc": [
			0.9286335706710815
		],
		"AU14_f1": [
			0.7946964502334595
		],
		"AU14_acc": [
			0.7125036120414734
		],
		"AU15_f1": [
			0.009661835618317127
		],
		"AU15_acc": [
			0.8215839862823486
		],
		"AU17_f1": [
			0.15950919687747955
		],
		"AU17_acc": [
			0.6820423603057861
		],
		"AU23_f1": [
			0.020408164709806442
		],
		"AU23_acc": [
			0.9164490699768066
		],
		"AU24_f1": [
			0.025974025949835777
		],
		"AU24_acc": [
			0.9782419204711914
		]
	}
}