{
	"train": {
		"pred_loss": [
			0.32055017352104187,
			0.19584666192531586,
			0.15197712182998657,
			0.12556494772434235,
			0.10650166124105453,
			0.09924271702766418,
			0.08530580997467041,
			0.07419577986001968,
			0.06992216408252716,
			0.06209710240364075,
			0.05892522260546684,
			0.05550219863653183,
			0.060316797345876694,
			0.049112558364868164,
			0.04769006371498108,
			0.0432128943502903,
			0.04074560105800629,
			0.03859727457165718,
			0.04223618656396866,
			0.03748803958296776
		],
		"recon_loss": [
			6.259082147153094e-05,
			2.0339118691481417e-06,
			2.644178493937943e-06,
			1.107614934880985e-06,
			1.5232925534292008e-06,
			1.3330291039892472e-06,
			1.0566195669525769e-06,
			1.7575281390236341e-06,
			7.18072953986848e-07,
			4.452962798495719e-07,
			4.353173892468476e-07,
			5.657372526002291e-07,
			3.740748297786922e-07,
			4.1505967374178e-07,
			6.125924869593291e-07,
			3.0890581115272653e-07,
			4.5657986902369885e-07,
			6.078379897189734e-07,
			3.1978626680029265e-07,
			3.113453601599758e-07
		],
		"diff_loss": [
			5.200289160711691e-05,
			0.0,
			0.0,
			0.0,
			0.0,
			0.0,
			0.0,
			0.0,
			0.0,
			0.0,
			0.0,
			0.0,
			0.0,
			0.0,
			3.2618132195239014e-08,
			0.0,
			0.0,
			0.0,
			0.0,
			0.0
		],
		"loss": [
			0.32066473364830017,
			0.19584870338439941,
			0.15197977423667908,
			0.1255660504102707,
			0.1065031886100769,
			0.09924405068159103,
			0.08530687540769577,
			0.07419753074645996,
			0.06992288678884506,
			0.06209755316376686,
			0.05892565846443176,
			0.055502764880657196,
			0.06031716987490654,
			0.049112968146800995,
			0.04769070819020271,
			0.04321320354938507,
			0.040746059268713,
			0.03859788179397583,
			0.04223650321364403,
			0.037488359957933426
		],
		"f1": [
			0.7963893413543701,
			0.8434996008872986,
			0.868313193321228,
			0.884756326675415,
			0.8967886567115784,
			0.905262291431427,
			0.9124047160148621,
			0.9185662269592285,
			0.9235805869102478,
			0.9280323386192322,
			0.9317967295646667,
			0.9350987672805786,
			0.9377242922782898,
			0.9403786659240723,
			0.9427219033241272,
			0.9449373483657837,
			0.9469825029373169,
			0.9488421082496643,
			0.9504073262214661,
			0.9519291520118713
		],
		"acc": [
			0.855967104434967,
			0.8877410292625427,
			0.9048226475715637,
			0.9163138270378113,
			0.9247865676879883,
			0.9307823181152344,
			0.9358775615692139,
			0.9402909278869629,
			0.9438993334770203,
			0.9471116662025452,
			0.9498311877250671,
			0.952223539352417,
			0.9541275501251221,
			0.9560576677322388,
			0.9577622413635254,
			0.9593759775161743,
			0.9608678221702576,
			0.962225615978241,
			0.9633684158325195,
			0.9644815325737
		]
	},
	"val": {
		"pred_loss": [
			1.0529186725616455,
			0.8678023815155029,
			1.7352238893508911,
			2.06658935546875,
			1.8322840929031372,
			1.609912633895874,
			1.2685339450836182,
			1.9968379735946655,
			2.1740379333496094,
			2.6589081287384033,
			1.549735188484192,
			2.1871252059936523,
			2.4340853691101074,
			2.6863770484924316,
			1.3756047487258911,
			1.2207224369049072,
			1.4336864948272705,
			1.8899286985397339,
			1.4552795886993408,
			1.7341049909591675
		],
		"recon_loss": [
			0.33058470487594604,
			0.00027592768310569227,
			1.4757317330804653e-05,
			6.186669634189457e-05,
			0.00012942950706928968,
			5.381079972721636e-05,
			9.100518582272343e-06,
			3.6343291867524385e-05,
			0.03951055184006691,
			0.0001991761091630906,
			0.005211492069065571,
			5.308145318849711e-06,
			0.017393650487065315,
			0.09962634742259979,
			0.0047831847332417965,
			0.00042363599641248584,
			7.33567721908912e-05,
			0.003116169711574912,
			0.001469638547860086,
			0.00012609326222445816
		],
		"diff_loss": [
			0.0,
			0.0,
			0.0,
			0.0,
			0.0,
			0.0,
			0.0,
			0.0,
			0.0,
			0.0,
			0.0,
			0.0,
			0.0,
			0.0,
			0.0,
			0.0,
			0.0,
			0.0,
			0.0,
			0.0
		],
		"loss": [
			1.3835035562515259,
			0.8680781722068787,
			1.7352386713027954,
			2.0666513442993164,
			1.832413673400879,
			1.6099663972854614,
			1.268543004989624,
			1.996874451637268,
			2.213548421859741,
			2.6591074466705322,
			1.5549465417861938,
			2.1871306896209717,
			2.451478958129883,
			2.786003589630127,
			1.3803879022598267,
			1.2211461067199707,
			1.4337599277496338,
			1.8930449485778809,
			1.4567490816116333,
			1.7342311143875122
		],
		"f1": [
			0.44443774223327637,
			0.46901682019233704,
			0.47013241052627563,
			0.46911677718162537,
			0.46896064281463623,
			0.468950480222702,
			0.4725381135940552,
			0.47286924719810486,
			0.47559210658073425,
			0.47702011466026306,
			0.4779322147369385,
			0.47993913292884827,
			0.48069509863853455,
			0.4813605546951294,
			0.48352742195129395,
			0.48253822326660156,
			0.4840296506881714,
			0.48658260703086853,
			0.4885016977787018,
			0.4879421889781952
		],
		"acc": [
			0.5282373428344727,
			0.4849739670753479,
			0.464599072933197,
			0.4515072703361511,
			0.44172781705856323,
			0.4433637857437134,
			0.4528796672821045,
			0.45030272006988525,
			0.45220503211021423,
			0.45585355162620544,
			0.4615560472011566,
			0.46883827447891235,
			0.4668223559856415,
			0.4646298885345459,
			0.47102025151252747,
			0.4764399230480194,
			0.4817100167274475,
			0.485495924949646,
			0.49011924862861633,
			0.4907674193382263
		]
	},
	"test": {
		"pred_loss": [
			1.5444749593734741
		],
		"recon_loss": [
			0.011027418076992035
		],
		"diff_loss": [
			0.0
		],
		"loss": [
			1.5555022954940796
		],
		"f1": [
			0.5467244982719421
		],
		"acc": [
			0.5927467346191406
		]
	}
}