{
	"train": {
		"pred_loss": [
			0.3052034378051758,
			0.19106240570545197,
			0.14712317287921906,
			0.12204988300800323,
			0.10287614911794662,
			0.08833809942007065,
			0.08105404675006866,
			0.07062070816755295,
			0.06337893754243851,
			0.06032904237508774,
			0.0552857331931591,
			0.054577481001615524,
			0.05062488466501236,
			0.045776430517435074,
			0.04237702488899231,
			0.040180087089538574,
			0.04064744710922241,
			0.03731600567698479,
			0.03731429576873779,
			0.03464231267571449
		],
		"recon_loss": [
			5.903596684220247e-05,
			5.294495508678665e-07,
			5.350881906451832e-07,
			4.555563180019817e-07,
			6.483258516709611e-07,
			1.2941723070980515e-06,
			7.283022114279447e-07,
			4.0090188235808455e-07,
			2.518727910683083e-07,
			4.3957510342806927e-07,
			3.158077959142247e-07,
			3.262309462570556e-07,
			4.4423330791687476e-07,
			1.5958539734128863e-07,
			1.9590936517488444e-07,
			2.1242983905267465e-07,
			3.0618789992331585e-07,
			2.976038331325981e-07,
			1.1069655414530644e-07,
			2.787072048704431e-07
		],
		"loss": [
			0.3052624464035034,
			0.19106295704841614,
			0.14712370932102203,
			0.12205033749341965,
			0.10287680476903915,
			0.08833938837051392,
			0.08105478435754776,
			0.07062111794948578,
			0.0633791834115982,
			0.06032947823405266,
			0.055286046117544174,
			0.05457780510187149,
			0.05062532797455788,
			0.045776594430208206,
			0.04237722232937813,
			0.040180303156375885,
			0.040647752583026886,
			0.03731630742549896,
			0.03731440380215645,
			0.03464259207248688
		],
		"f1": [
			0.7645485997200012,
			0.817197322845459,
			0.8461080193519592,
			0.8651454448699951,
			0.8792682886123657,
			0.8901851177215576,
			0.8987355828285217,
			0.9058907628059387,
			0.9119951725006104,
			0.917090654373169,
			0.9215390682220459,
			0.9253170490264893,
			0.9286466836929321,
			0.9317768812179565,
			0.9346289038658142,
			0.9371767044067383,
			0.9394180178642273,
			0.9415478110313416,
			0.9434298872947693,
			0.9452265501022339
		],
		"acc": [
			0.8675497174263,
			0.8945823311805725,
			0.9101219773292542,
			0.9206364154815674,
			0.9285489320755005,
			0.93474942445755,
			0.9396442770957947,
			0.9437668919563293,
			0.9473066329956055,
			0.9502720832824707,
			0.952872633934021,
			0.9550888538360596,
			0.9570485353469849,
			0.9588953256607056,
			0.9605813026428223,
			0.9620893001556396,
			0.9634166359901428,
			0.9646809101104736,
			0.9657999277114868,
			0.9668707251548767
		]
	},
	"val": {
		"pred_loss": [
			0.898520290851593,
			0.8900942802429199,
			0.984494686126709,
			1.3046818971633911,
			0.9373598694801331,
			1.1885623931884766,
			1.4207466840744019,
			1.1671593189239502,
			1.3137534856796265,
			1.053273320198059,
			0.7463698387145996,
			1.3314186334609985,
			1.2994384765625,
			1.431612253189087,
			1.177298665046692,
			1.5015863180160522,
			1.5415911674499512,
			1.1067415475845337,
			1.1918320655822754,
			1.1251025199890137
		],
		"recon_loss": [
			9.81992925517261e-05,
			0.005598947871476412,
			0.00016794975090306252,
			0.00014197385462466627,
			0.0003427925403229892,
			1.33427711261902e-05,
			3.754116551135667e-05,
			0.0002673827693797648,
			5.473244527820498e-05,
			0.00039525964530184865,
			0.003736207727342844,
			0.0057061235420405865,
			0.0031767156906425953,
			0.00023267751384992152,
			0.002136081689968705,
			0.0006871118093840778,
			0.00041038813651539385,
			0.0015074039110913873,
			0.0007190630421973765,
			0.0004669736372306943
		],
		"loss": [
			0.8986184597015381,
			0.8956931829452515,
			0.984662652015686,
			1.304823875427246,
			0.9377026557922363,
			1.1885757446289062,
			1.4207841157913208,
			1.1674268245697021,
			1.3138083219528198,
			1.05366849899292,
			0.7501059770584106,
			1.3371247053146362,
			1.3026151657104492,
			1.4318448305130005,
			1.1794347763061523,
			1.5022732019424438,
			1.542001485824585,
			1.1082490682601929,
			1.1925512552261353,
			1.1255697011947632
		],
		"f1": [
			0.5389575362205505,
			0.5322616100311279,
			0.5353052020072937,
			0.5353326797485352,
			0.5292399525642395,
			0.529292643070221,
			0.526854395866394,
			0.5233359932899475,
			0.5220430493354797,
			0.5242434740066528,
			0.5287578105926514,
			0.5278158187866211,
			0.5267306566238403,
			0.5253403186798096,
			0.5248510837554932,
			0.5251078605651855,
			0.5230311155319214,
			0.5241361260414124,
			0.5250594019889832,
			0.5243383049964905
		],
		"acc": [
			0.5924870371818542,
			0.5803477168083191,
			0.5900374054908752,
			0.5792707204818726,
			0.5860700011253357,
			0.5800769925117493,
			0.5796955227851868,
			0.5805874466896057,
			0.5778018236160278,
			0.5803335905075073,
			0.5869191884994507,
			0.5885008573532104,
			0.5877240896224976,
			0.5869927406311035,
			0.587428092956543,
			0.5876504182815552,
			0.5865187048912048,
			0.5893396735191345,
			0.590668797492981,
			0.5916412472724915
		]
	},
	"test": {
		"pred_loss": [
			1.7066144943237305
		],
		"recon_loss": [
			7.219618419185281e-05
		],
		"loss": [
			1.7066867351531982
		],
		"f1": [
			0.5220423340797424
		],
		"acc": [
			0.6453679800033569
		]
	}
}